{"0": [[[39, 12], [39, 7], [31, 5], [40, 11], [31, 4]], 6.1543994140625, 1.5049789428710938, 4.649420471191406], "1": [[[31, 4], [39, 7], [39, 12], [41, 4], [31, 5]], 5.753678588867188, 0.5158133697509766, 5.237865219116211], "2": [[[35, 9], [32, 1], [39, 12], [39, 7], [36, 7]], 7.096732177734375, 2.828329772949219, 4.2684024047851565], "3": [[[38, 7], [39, 12], [41, 4], [35, 9], [31, 5]], 4.4522091674804685, -0.8099837493896485, 5.2621929168701165], "4": [[[39, 7], [38, 6], [35, 9], [39, 12], [41, 4]], 5.814006958007813, 1.0915948486328124, 4.722412109375], "5": [[[38, 7], [35, 9], [41, 4], [39, 12], [38, 6]], 5.392804565429688, -0.08559731483459472, 5.478401880264283], "6": [[[39, 12], [35, 9], [38, 6], [41, 4], [29, 5]], 2.6649325561523436, -1.9233621215820313, 4.588294677734375], "7": [[[38, 7], [39, 7], [40, 11], [32, 1], [41, 4]], 3.7288858032226564, -0.9970648193359375, 4.725950622558594], "8": [[[38, 7], [32, 1], [39, 7], [38, 6], [40, 11]], 5.355679321289062, 0.8571967315673829, 4.49848258972168], "9": [[[39, 12], [32, 1], [35, 9], [38, 6], [31, 4]], 5.420776977539062, 0.8169365692138671, 4.603840408325195]}